deviceId,avgTemp,maxHumidity
sensor1,25.03,69.99771951151828
sensor4,24.97,69.99372012896966
sensor5,25.03,69.99804349283787
sensor3,25.02,69.99732765751766
sensor2,24.99,69.99514936731704
